City_ID,City,Lat,Lng,Max Temp,Humidity,Cloudiness,Wind Speed,Country,Date
0,Carmen,18.6333,-91.8333,87.84,62,0,13.8,MX,2022-05-16 21:22:56
1,Qaanaaq,77.484,-69.3632,23.52,75,37,3.6,GL,2022-05-16 21:22:56
2,Lagoa,39.05,-27.9833,56.34,66,7,30.51,PT,2022-05-16 21:22:57
3,Mecca,21.4267,39.8261,86.67,35,0,2.17,SA,2022-05-16 21:20:15
4,Carnarvon,-24.8667,113.6333,69.46,59,0,7.14,AU,2022-05-16 21:22:58
5,Wuan,31.6836,112.0044,58.69,61,2,2.1,CN,2022-05-16 21:22:59
6,Palmer,42.1584,-72.3287,78.35,59,75,21.85,US,2022-05-16 21:22:59
7,Nanortalik,60.1432,-45.2371,38.26,75,98,7.05,GL,2022-05-16 21:22:59
8,Soroti,1.7146,33.6111,65.66,85,24,5.91,UG,2022-05-16 21:23:00
9,Mar Del Plata,-38.0023,-57.5575,52.95,85,75,12.66,AR,2022-05-16 21:23:00
10,Grand Gaube,-20.0064,57.6608,73.8,77,85,1.99,MU,2022-05-16 21:23:01
11,Mataura,-46.1927,168.8643,50.49,96,100,3.13,NZ,2022-05-16 21:23:01
12,Biltine,14.5333,20.9167,86.61,27,83,8.34,TD,2022-05-16 21:23:01
13,Rikitea,-23.1203,-134.9692,77.2,72,28,18.01,PF,2022-05-16 21:23:02
14,Oyon,-10.6681,-76.7731,52.65,68,98,3.11,PE,2022-05-16 21:23:02
15,Zaragoza,41.6561,-0.8773,79.25,40,0,8.05,ES,2022-05-16 21:23:03
16,Ulaanbaatar,47.9077,106.8832,33.93,64,0,2.24,MN,2022-05-16 21:20:00
17,Severo-Kurilsk,50.6789,156.125,37.22,95,73,10.92,RU,2022-05-16 21:23:04
18,Marawi,7.9986,124.2928,69.39,92,93,2.89,PH,2022-05-16 21:23:04
19,Ushuaia,-54.8,-68.3,42.46,81,75,5.75,AR,2022-05-16 21:21:17
20,Brownwood,31.7093,-98.9912,100.4,28,0,6.91,US,2022-05-16 21:21:19
21,Nishihara,26.1842,127.7558,64.45,97,100,10.36,JP,2022-05-16 21:23:05
22,Hasaki,35.7333,140.8333,59.29,89,100,16.44,JP,2022-05-16 21:23:06
23,Nikolskoye,59.7035,30.7861,47.88,94,100,6.02,RU,2022-05-16 21:23:07
24,Esperance,-33.8667,121.9,54.84,70,0,12.53,AU,2022-05-16 21:23:07
25,Albany,42.6001,-73.9662,65.62,91,92,8.79,US,2022-05-16 21:20:51
26,Provideniya,64.3833,-173.3,30.36,80,0,7.0,RU,2022-05-16 21:23:08
27,Port Elizabeth,-33.918,25.5701,67.1,77,0,4.61,ZA,2022-05-16 21:23:08
28,Mendi,-6.1761,143.6513,53.65,96,100,2.89,PG,2022-05-16 21:23:09
29,Havre-Saint-Pierre,50.2334,-63.5986,41.36,93,100,14.97,CA,2022-05-16 21:23:09
30,Dakar,14.6937,-17.4441,80.73,78,93,4.61,SN,2022-05-16 21:21:07
31,Hamilton,39.1834,-84.5333,78.94,37,75,13.8,US,2022-05-16 21:23:10
32,Bethel,41.3712,-73.414,73.49,78,75,11.5,US,2022-05-16 21:21:54
33,Praia Da Vitoria,38.7333,-27.0667,58.75,72,20,21.9,PT,2022-05-16 21:23:11
34,Hermanus,-34.4187,19.2345,67.6,44,86,5.44,ZA,2022-05-16 21:23:12
35,Bredasdorp,-34.5322,20.0403,66.78,23,36,6.29,ZA,2022-05-16 21:23:12
36,Hithadhoo,-0.6,73.0833,83.71,75,92,18.21,MV,2022-05-16 21:23:12
37,Dikson,73.5069,80.5464,33.64,99,100,5.12,RU,2022-05-16 21:23:13
38,Hobart,-42.8794,147.3294,49.23,81,75,11.5,AU,2022-05-16 21:18:52
39,Ostrovnoy,68.0531,39.5131,36.12,84,100,17.58,RU,2022-05-16 21:23:13
40,Bluff,-46.6,168.3333,50.81,89,100,8.66,NZ,2022-05-16 21:23:14
41,Vaini,-21.2,-175.2,75.36,64,75,5.75,TO,2022-05-16 21:23:14
42,Chuy,-33.6971,-53.4616,51.13,89,44,18.1,UY,2022-05-16 21:23:15
43,Aldan,58.6031,125.3894,30.38,97,100,3.13,RU,2022-05-16 21:18:18
44,Port Augusta,-32.5,137.7667,50.07,85,0,0.69,AU,2022-05-16 21:19:25
45,Sande,53.5049,8.0142,61.02,98,100,6.31,DE,2022-05-16 21:24:17
46,Resistencia,-27.4606,-58.9839,60.85,57,0,8.05,AR,2022-05-16 21:24:15
47,Tuktoyaktuk,69.4541,-133.0374,33.8,86,100,5.75,CA,2022-05-16 21:24:17
48,Noumea,-22.2763,166.4572,75.99,99,68,8.48,NC,2022-05-16 21:24:18
49,Luderitz,-26.6481,15.1594,73.45,29,5,5.55,NA,2022-05-16 21:24:18
50,Victoria,22.2855,114.1577,70.32,82,94,8.01,HK,2022-05-16 21:21:58
51,Cumbitara,1.6517,-77.5823,70.92,92,100,0.76,CO,2022-05-16 21:24:19
52,Burns Lake,54.2331,-125.7533,51.22,30,100,13.15,CA,2022-05-16 21:24:19
53,Busselton,-33.65,115.3333,62.04,60,84,11.43,AU,2022-05-16 21:24:20
54,Athabasca,54.7169,-113.2854,63.01,45,82,15.66,CA,2022-05-16 21:24:20
55,Paredon,16.0333,-93.8667,91.92,50,77,8.9,MX,2022-05-16 21:24:20
56,Pisco,-13.7,-76.2167,71.65,64,0,13.8,PE,2022-05-16 21:24:21
57,Marystown,47.1666,-55.1483,44.19,79,100,8.21,CA,2022-05-16 21:24:21
58,New Norfolk,-42.7826,147.0587,48.88,83,100,4.0,AU,2022-05-16 21:24:22
59,Rairangpur,22.2676,86.1751,82.11,70,99,7.67,IN,2022-05-16 21:24:22
60,Mapimi,25.8167,-103.85,94.08,8,25,12.84,MX,2022-05-16 21:24:22
61,Yellowknife,62.456,-114.3525,52.32,43,75,14.97,CA,2022-05-16 21:24:23
62,Cape Town,-33.9258,18.4232,73.11,49,0,11.5,ZA,2022-05-16 21:24:23
63,Ponta Do Sol,32.6667,-17.1,68.72,83,20,5.03,PT,2022-05-16 21:24:24
64,Kamaishi,39.2667,141.8833,53.65,84,100,4.32,JP,2022-05-16 21:24:24
65,Victor Harbor,-35.5667,138.6167,51.67,62,75,8.21,AU,2022-05-16 21:24:25
66,Sao Filipe,14.8961,-24.4956,75.74,73,41,8.28,CV,2022-05-16 21:24:25
67,Tanete,-3.9443,119.7848,74.75,98,89,5.86,ID,2022-05-16 21:24:25
68,San Lawrenz,36.0553,14.204,66.85,86,0,3.02,MT,2022-05-16 21:24:26
69,Yavoriv,49.9386,23.3825,49.24,73,31,4.36,UA,2022-05-16 21:24:26
70,Boyolangu,-8.1181,111.8935,74.37,91,100,0.69,ID,2022-05-16 21:24:27
71,Naze,28.3667,129.4833,63.52,89,100,10.71,JP,2022-05-16 21:24:27
72,Puerto El Triunfo,13.2833,-88.55,95.92,59,68,9.15,SV,2022-05-16 21:24:27
73,Khatanga,71.9667,102.5,29.03,88,97,11.23,RU,2022-05-16 21:24:28
74,Mount Isa,-20.7333,139.5,56.97,72,0,8.05,AU,2022-05-16 21:24:28
75,Tucuman,-26.8241,-65.2226,59.0,67,75,2.3,AR,2022-05-16 21:24:29
76,Ust-Kulom,61.6864,53.6902,41.94,95,48,6.46,RU,2022-05-16 21:24:29
77,Saint-Philippe,-21.3585,55.7679,71.19,83,95,11.86,RE,2022-05-16 21:24:29
78,Punta Arenas,-53.15,-70.9167,41.11,81,0,6.91,CL,2022-05-16 21:24:30
79,Mmabatho,-25.85,25.6333,57.7,56,46,7.83,ZA,2022-05-16 21:24:30
80,Coquimbo,-29.9533,-71.3436,56.93,76,0,10.36,CL,2022-05-16 21:24:31
81,Beringovskiy,63.05,179.3167,37.63,77,33,1.92,RU,2022-05-16 21:24:31
82,Barrow,71.2906,-156.7887,17.62,73,100,16.11,US,2022-05-16 21:24:32
83,Cherskiy,68.75,161.3,39.04,88,100,13.04,RU,2022-05-16 21:24:32
84,Maramba,-5.05,38.6167,61.45,91,9,2.55,TZ,2022-05-16 21:24:33
85,Broome,42.2506,-75.833,66.45,81,100,14.97,US,2022-05-16 21:24:33
86,Saint-Georges,12.0564,-61.7485,83.88,74,20,23.02,GD,2022-05-16 21:24:33
87,Auki,-8.7676,160.7034,80.46,81,37,2.46,SB,2022-05-16 21:24:34
88,Ancud,-41.8697,-73.8203,51.69,69,6,6.93,CL,2022-05-16 21:24:34
89,Kapaa,22.0752,-159.319,80.58,83,75,8.05,US,2022-05-16 21:20:41
90,Atambua,-9.1061,124.8925,70.68,88,12,4.85,ID,2022-05-16 21:24:35
91,Smithers,54.7804,-127.1743,50.32,34,75,5.75,CA,2022-05-16 21:24:36
92,Jamestown,42.097,-79.2353,62.94,89,100,11.5,US,2022-05-16 21:24:36
93,Codrington,-38.2667,141.9667,49.26,82,100,10.49,AU,2022-05-16 21:25:36
94,Troitsko-Pechorsk,62.7084,56.1964,39.96,95,67,6.4,RU,2022-05-16 21:25:37
95,Suhut,38.5311,30.5458,54.18,82,98,2.06,TR,2022-05-16 21:25:37
96,Najran,17.4924,44.1277,70.45,8,12,2.3,SA,2022-05-16 21:25:38
97,Buta,2.7858,24.73,71.24,98,100,1.79,CD,2022-05-16 21:25:38
98,Pangoa,-12.1167,-73.0,71.28,99,99,3.15,PE,2022-05-16 21:25:39
99,Ribeira Grande,38.5167,-28.7,57.81,66,70,27.47,PT,2022-05-16 21:25:39
100,Whitehorse,60.7161,-135.0538,45.01,79,100,4.61,CA,2022-05-16 21:25:40
101,Atuona,-9.8,-139.0333,79.3,65,13,15.12,PF,2022-05-16 21:25:40
102,La Libertad,-2.2333,-80.9,76.66,73,75,6.91,EC,2022-05-16 21:25:40
103,Toamasina,-18.1667,49.3833,69.8,94,75,11.5,MG,2022-05-16 21:25:41
104,Rapid Valley,44.0625,-103.1463,80.38,34,0,8.99,US,2022-05-16 21:25:41
105,Lebu,-37.6167,-73.65,55.98,65,0,3.91,CL,2022-05-16 21:25:42
106,Hambantota,6.1241,81.1185,79.14,100,20,11.5,LK,2022-05-16 21:25:42
107,Sehithwa,-20.4667,22.7167,65.75,51,7,13.22,BW,2022-05-16 21:25:43
108,Butaritari,3.0707,172.7902,81.79,69,94,12.3,KI,2022-05-16 21:25:43
109,Awbari,26.5921,12.7805,77.81,14,17,7.76,LY,2022-05-16 21:25:43
110,Airai,-8.9266,125.4092,56.44,83,12,2.48,TL,2022-05-16 21:25:44
111,Tselinnoye,53.0833,85.6667,61.11,57,92,6.76,RU,2022-05-16 21:25:44
112,Port Alfred,-33.5906,26.891,70.68,53,0,10.04,ZA,2022-05-16 21:25:45
113,Hovd,48.0056,91.6419,55.04,48,99,7.63,MN,2022-05-16 21:25:45
114,Ciudad Guayana,8.3533,-62.6528,82.99,72,94,10.0,VE,2022-05-16 21:23:30
115,Garowe,8.4054,48.4845,84.0,49,81,23.33,SO,2022-05-16 21:25:46
116,Hilo,19.7297,-155.09,86.29,73,100,8.05,US,2022-05-16 21:25:46
117,Lazaro Cardenas,17.9583,-102.2,87.4,42,74,13.02,MX,2022-05-16 21:25:47
118,Flinders,-34.5833,150.8552,58.17,69,0,5.99,AU,2022-05-16 21:25:47
119,Saint George,37.1041,-113.5841,96.8,7,0,12.66,US,2022-05-16 21:24:14
120,Baykit,61.67,96.37,47.19,95,27,3.44,RU,2022-05-16 21:25:48
121,Havelock,34.8791,-76.9013,84.02,84,52,14.0,US,2022-05-16 21:25:49
122,Geraldton,-28.7667,114.6,52.21,87,0,13.8,AU,2022-05-16 21:25:49
123,Naliya,23.2667,68.8333,81.97,71,0,15.7,IN,2022-05-16 21:25:49
124,Asau,46.4333,26.4,56.95,83,40,2.93,RO,2022-05-16 21:25:50
125,Henties Bay,-22.116,14.2845,65.39,62,32,1.81,NA,2022-05-16 21:25:50
126,De-Kastri,51.4667,140.7833,42.08,86,29,3.0,RU,2022-05-16 21:25:51
127,Saint-Francois,46.4154,3.9054,63.84,82,0,3.44,FR,2022-05-16 21:25:51
128,Fort Nelson,58.8053,-122.7002,54.99,50,75,11.5,CA,2022-05-16 21:25:51
129,Muyezerskiy,63.9333,31.65,35.58,98,100,5.44,RU,2022-05-16 21:25:52
130,Kushima,31.4583,131.2333,59.61,89,100,4.54,JP,2022-05-16 21:25:52
131,Margate,51.3813,1.3862,59.7,82,100,3.0,GB,2022-05-16 21:25:53
132,Tuatapere,-46.1333,167.6833,51.15,90,100,4.05,NZ,2022-05-16 21:25:53
133,Orange,33.7,-117.7675,88.68,57,20,6.91,US,2022-05-16 21:23:57
134,Strathmore,51.0501,-113.3852,72.36,26,62,8.99,CA,2022-05-16 21:25:54
135,Puerto Ayora,-0.7393,-90.3518,80.56,90,85,4.0,EC,2022-05-16 21:25:54
136,Yeppoon,-23.1333,150.7333,69.58,91,22,5.95,AU,2022-05-16 21:25:55
137,Nushki,29.5542,66.0215,74.93,17,0,3.8,PK,2022-05-16 21:25:55
138,Namatanai,-3.6667,152.4333,79.7,78,82,4.81,PG,2022-05-16 21:23:14
139,Belaya Gora,68.5333,146.4167,28.29,93,100,3.56,RU,2022-05-16 21:25:56
140,Avarua,-21.2078,-159.775,78.85,73,75,6.91,CK,2022-05-16 21:26:56
141,Pevek,69.7008,170.3133,33.17,87,100,5.35,RU,2022-05-16 21:26:56
142,Yulara,-25.2406,130.9889,56.1,36,100,10.69,AU,2022-05-16 21:26:57
143,Kodiak,57.79,-152.4072,56.71,30,0,9.22,US,2022-05-16 21:26:57
144,Kunda,25.7167,81.5167,93.79,15,25,7.45,IN,2022-05-16 21:26:58
145,Norman Wells,65.282,-126.8329,53.64,50,20,4.61,CA,2022-05-16 21:26:58
146,Aksarka,66.5606,67.7975,43.92,87,52,1.95,RU,2022-05-16 21:26:59
147,Acari,-15.4311,-74.6158,76.08,53,77,6.35,PE,2022-05-16 21:26:59
148,Awjilah,29.1081,21.2869,80.71,28,0,2.98,LY,2022-05-16 21:26:59
149,Bourg-En-Bresse,46.1667,5.1667,69.62,72,89,3.06,FR,2022-05-16 21:27:00
150,Pochutla,15.7432,-96.4661,93.02,44,41,9.48,MX,2022-05-16 21:27:00
151,Tasiilaq,65.6145,-37.6368,39.36,99,100,6.73,GL,2022-05-16 21:27:01
152,East London,-33.0153,27.9116,67.96,57,0,8.3,ZA,2022-05-16 21:25:05
153,Trairi,-3.2778,-39.2689,78.13,84,45,7.52,BR,2022-05-16 21:27:01
154,Boromlya,50.6184,34.9704,42.73,84,6,8.08,UA,2022-05-16 21:27:02
155,Dingle,10.9995,122.6711,77.04,87,100,1.19,PH,2022-05-16 21:27:02
156,Teguldet,57.3064,88.1667,55.53,67,98,5.66,RU,2022-05-16 21:27:03
157,Kieta,-6.2167,155.6333,79.25,82,99,1.52,PG,2022-05-16 21:27:03
158,Along,28.1667,94.7667,69.8,100,100,2.26,IN,2022-05-16 21:27:04
159,Casablanca,33.5928,-7.6192,68.32,77,0,5.99,MA,2022-05-16 21:27:04
160,Quelimane,-17.8786,36.8883,71.55,94,75,4.61,MZ,2022-05-16 21:27:05
161,Manuk Mangkaw,4.8,119.85,81.73,78,100,7.27,PH,2022-05-16 21:27:05
162,Sladkovo,55.5284,70.3385,54.5,80,44,13.67,RU,2022-05-16 21:27:06
163,Sinop,41.7711,34.8709,56.12,55,76,5.77,TR,2022-05-16 21:27:06
164,Pauini,-7.7136,-66.9764,73.2,99,100,1.39,BR,2022-05-16 21:27:07
165,Diapaga,12.0708,1.7889,94.62,24,70,4.27,BF,2022-05-16 21:27:07
166,Vao,-22.6667,167.4833,73.99,78,13,16.42,NC,2022-05-16 21:27:08
167,Quatre Cocos,-20.2078,57.7625,73.51,75,98,14.52,MU,2022-05-16 21:27:10
168,Banjar,-8.19,114.9675,78.26,90,100,2.13,ID,2022-05-16 21:27:10
169,Faanui,-16.4833,-151.75,80.73,73,90,12.86,PF,2022-05-16 21:27:11
170,Buraydah,26.326,43.975,86.45,17,0,13.29,SA,2022-05-16 21:27:11
171,Warrnambool,-38.3833,142.4833,46.81,77,100,15.37,AU,2022-05-16 21:23:33
172,Mount Gambier,-37.8333,140.7667,50.32,77,93,6.58,AU,2022-05-16 21:27:12
173,Necochea,-38.5473,-58.7368,50.61,82,100,26.08,AR,2022-05-16 21:27:13
174,Ternate,0.8,127.4,80.2,81,41,4.97,ID,2022-05-16 21:27:13
175,Ushtobe,45.2514,77.9838,63.25,47,78,7.49,KZ,2022-05-16 21:27:13
176,Longyearbyen,78.2186,15.6401,30.04,86,75,5.75,SJ,2022-05-16 21:27:14
177,Mancio Lima,-7.6142,-72.8958,87.87,66,40,2.3,BR,2022-05-16 21:27:14
178,Teguise,29.0605,-13.564,66.42,73,20,10.36,ES,2022-05-16 21:27:15
179,Moose Factory,51.2585,-80.6094,60.8,55,100,9.22,CA,2022-05-16 21:27:16
180,Ayan,56.45,138.1667,32.22,93,99,5.75,RU,2022-05-16 21:27:16
181,Limbang,4.75,115.0,78.91,97,100,1.68,MY,2022-05-16 21:27:16
182,Castro,-24.7911,-50.0119,52.05,81,6,4.16,BR,2022-05-16 21:27:17
183,Dumka,24.2667,87.25,83.71,75,33,11.83,IN,2022-05-16 21:27:17
184,Chokurdakh,70.6333,147.9167,25.18,95,98,5.03,RU,2022-05-16 21:27:18
185,Natal,-5.795,-35.2094,79.45,94,75,11.5,BR,2022-05-16 21:27:18
186,Goderich,43.7501,-81.7165,59.32,58,56,1.14,CA,2022-05-16 21:25:54
187,San Rafael,-34.6177,-68.3301,54.84,32,0,6.91,AR,2022-05-16 21:28:19
188,Waspan,14.7419,-83.9717,83.26,77,98,6.73,NI,2022-05-16 21:28:19
189,Charlestown,-32.95,151.6667,56.73,84,0,1.99,AU,2022-05-16 21:28:20
190,Portland,45.5234,-122.6762,65.86,55,75,7.0,US,2022-05-16 21:24:17
191,Sao Joao Da Barra,-21.6403,-41.0511,75.29,84,43,13.71,BR,2022-05-16 21:28:21
192,Kirakira,-10.4544,161.9205,81.21,78,71,4.14,SB,2022-05-16 21:28:21
193,Olafsvik,64.8945,-23.7142,51.35,72,86,9.35,IS,2022-05-16 21:28:22
194,Luchegorsk,46.4764,134.2569,45.21,89,40,4.32,RU,2022-05-16 21:28:22
195,Solvychegodsk,61.3305,46.9156,43.52,86,100,8.39,RU,2022-05-16 21:28:23
196,Lufilufi,-13.8745,-171.5986,83.98,76,48,14.29,WS,2022-05-16 21:28:23
197,Kavieng,-2.5744,150.7967,81.25,75,33,7.05,PG,2022-05-16 21:28:24
198,Shimoda,34.6667,138.95,61.63,89,100,5.88,JP,2022-05-16 21:28:24
199,Lavrentiya,65.5833,-171.0,27.05,71,82,0.98,RU,2022-05-16 21:28:25
200,Nouadhibou,20.931,-17.0347,78.78,44,100,19.57,MR,2022-05-16 21:28:25
201,Wattegama,6.7989,81.4808,76.59,86,66,7.61,LK,2022-05-16 21:28:26
202,Chicama,-7.8447,-79.1469,63.14,67,55,8.88,PE,2022-05-16 21:28:26
203,Bambous Virieux,-20.3428,57.7575,73.65,78,75,10.36,MU,2022-05-16 21:28:27
204,Palekh,56.8028,41.8572,42.89,97,100,6.87,RU,2022-05-16 21:28:27
205,Vero Beach,27.6386,-80.3973,91.06,65,75,12.66,US,2022-05-16 21:28:28
206,Aksu,41.1231,80.2644,64.17,42,8,5.01,CN,2022-05-16 21:28:28
207,Saskylakh,71.9167,114.0833,8.8,99,51,3.36,RU,2022-05-16 21:28:28
208,Caravelas,-17.7125,-39.2481,76.6,84,56,8.08,BR,2022-05-16 21:28:29
209,Ahipara,-35.1667,173.1667,66.0,89,94,9.35,NZ,2022-05-16 21:28:30
210,Kinel,53.2333,50.65,51.04,87,93,5.7,RU,2022-05-16 21:28:31
211,Maningrida,-12.0667,134.2667,69.26,79,12,6.49,AU,2022-05-16 21:28:31
212,Ust-Omchug,61.15,149.6333,33.76,82,100,4.07,RU,2022-05-16 21:28:32
213,Kachiry,53.0675,76.1036,62.94,49,30,11.95,KZ,2022-05-16 21:28:32
214,Manicore,-5.8092,-61.3003,82.35,89,75,2.3,BR,2022-05-16 21:28:32
215,Tabou,4.423,-7.3528,79.75,84,83,7.78,CI,2022-05-16 21:28:33
216,Dombarovskiy,50.7587,59.5386,51.19,85,78,9.53,RU,2022-05-16 21:28:33
217,Kayes,14.0,-11.0,97.7,6,42,4.14,ML,2022-05-16 21:28:34
218,Beisfjord,68.3751,17.5988,35.65,92,97,0.94,NO,2022-05-16 21:28:34
219,Irpa Irpa,-17.7167,-66.2667,80.6,22,0,2.3,BO,2022-05-16 21:28:35
220,Salalah,17.0151,54.0924,79.36,69,21,1.77,OM,2022-05-16 21:28:35
221,Ballina,-28.8667,153.5667,69.78,90,95,6.69,AU,2022-05-16 21:28:35
222,Leningradskiy,69.3833,178.4167,23.36,91,100,12.12,RU,2022-05-16 21:28:36
223,Nkayi,-4.1841,13.2884,75.92,86,99,0.89,CG,2022-05-16 21:28:36
224,Saposoa,-6.934,-76.7716,82.13,67,80,1.59,PE,2022-05-16 21:28:37
225,Jacareacanga,-6.2222,-57.7528,79.36,94,79,2.04,BR,2022-05-16 21:28:37
226,Francisco Sa,-16.4758,-43.4883,77.14,52,7,6.26,BR,2022-05-16 21:28:37
227,Flin Flon,54.7682,-101.865,51.64,35,40,6.91,CA,2022-05-16 21:28:38
228,Vila Velha,-20.3297,-40.2925,78.75,73,0,4.61,BR,2022-05-16 21:28:38
229,Bilma,18.6853,12.9164,84.34,11,0,6.78,NE,2022-05-16 21:29:39
230,Faya,18.3851,42.4509,66.72,10,0,6.46,SA,2022-05-16 21:29:39
231,Gazli,40.1333,63.45,78.6,21,0,8.59,UZ,2022-05-16 21:29:40
232,Craig,40.5153,-107.5464,78.75,15,0,12.66,US,2022-05-16 21:28:30
233,Port Said,31.2565,32.2841,69.64,71,100,8.32,EG,2022-05-16 21:29:41
234,Srednekolymsk,67.45,153.6833,36.82,95,94,4.03,RU,2022-05-16 21:29:41
235,Ngunguru,-35.6167,174.5,63.81,88,56,8.61,NZ,2022-05-16 21:29:41
236,Mawlaik,23.6333,94.4167,73.49,98,99,0.92,MM,2022-05-16 21:29:42
237,Hofn,64.2539,-15.2082,48.87,82,8,10.67,IS,2022-05-16 21:29:42
238,Deputatskiy,69.3,139.9,19.35,93,100,2.57,RU,2022-05-16 21:29:42
239,Thompson,55.7435,-97.8558,51.96,32,40,8.05,CA,2022-05-16 21:29:43
240,Morro Bay,35.3658,-120.8499,86.4,59,22,10.0,US,2022-05-16 21:29:43
241,Seymchan,62.8833,152.4333,38.7,71,6,3.94,RU,2022-05-16 21:29:44
242,Jieshi,22.8134,115.8257,66.07,85,99,8.5,CN,2022-05-16 21:29:44
243,Morehead,37.2711,-87.1764,79.95,34,40,8.05,US,2022-05-16 21:29:44
244,Ilulissat,69.2167,-51.1,30.22,64,20,6.91,GL,2022-05-16 21:29:45
245,Dunedin,-45.8742,170.5036,54.81,81,100,1.01,NZ,2022-05-16 21:29:45
246,Luis Correia,-2.8792,-41.6669,82.4,83,20,6.91,BR,2022-05-16 21:29:46
247,Bandipur,27.9333,84.4167,68.2,59,33,2.46,NP,2022-05-16 21:29:46
248,Samarai,-10.6167,150.6667,79.27,77,13,2.75,PG,2022-05-16 21:29:46
249,Richards Bay,-28.783,32.0377,65.26,89,0,6.42,ZA,2022-05-16 21:29:47
250,Ravar,31.2656,56.8055,77.58,13,0,3.89,IR,2022-05-16 21:29:47
251,Hettstedt,51.65,11.5,63.46,87,100,2.46,DE,2022-05-16 21:29:48
252,Sibolga,1.7427,98.7792,76.51,83,98,3.98,ID,2022-05-16 21:29:48
253,Aswan,24.0934,32.907,85.3,11,6,17.11,EG,2022-05-16 21:29:48
254,Fairmount,43.0473,-76.2385,59.07,94,100,17.27,US,2022-05-16 21:28:16
255,Suntar,62.1444,117.6319,41.97,83,99,1.23,RU,2022-05-16 21:29:49
256,Kincardine,56.0667,-3.7167,52.56,95,100,3.44,GB,2022-05-16 21:29:50
257,Mahebourg,-20.4081,57.7,73.69,78,75,10.36,MU,2022-05-16 21:29:50
258,Mpika,-11.8343,31.4529,54.75,75,0,6.22,ZM,2022-05-16 21:29:51
259,Saint-Joseph,-21.3667,55.6167,70.18,83,64,12.8,RE,2022-05-16 21:29:51
260,Hastings,50.8552,0.5729,58.98,86,93,7.36,GB,2022-05-16 21:29:51
261,Touros,-5.1989,-35.4608,79.93,83,52,10.25,BR,2022-05-16 21:29:52
262,Meulaboh,4.1363,96.1285,76.59,90,97,4.16,ID,2022-05-16 21:29:52
263,Coihaique,-45.5752,-72.0662,47.01,81,0,3.44,CL,2022-05-16 21:29:53
264,Koslan,63.4564,48.8989,41.4,70,97,8.05,RU,2022-05-16 21:29:53
265,Balkhash,46.844,74.9804,64.98,45,6,1.63,KZ,2022-05-16 21:29:54
266,Voyvozh,62.892,54.9635,38.52,94,90,5.79,RU,2022-05-16 21:29:54
267,Port Lincoln,-34.7333,135.8667,57.33,74,98,5.86,AU,2022-05-16 21:29:54
268,Qaqortoq,60.7167,-46.0333,39.36,68,99,2.57,GL,2022-05-16 21:29:55
269,Upernavik,72.7868,-56.1549,20.3,84,30,10.29,GL,2022-05-16 21:29:55
270,Aguilas,37.4063,-1.5829,72.59,64,13,1.92,ES,2022-05-16 21:27:34
271,Nyurba,63.2842,118.3319,39.67,86,100,2.33,RU,2022-05-16 21:29:56
272,Pringsewu,-5.3582,104.9744,74.73,96,100,3.98,ID,2022-05-16 21:29:56
273,Katsuura,35.1333,140.3,59.22,91,100,9.15,JP,2022-05-16 21:29:57
274,Sambava,-14.2667,50.1667,71.73,82,6,9.01,MG,2022-05-16 21:29:57
275,Tra Vinh,9.9347,106.3453,77.86,91,100,4.45,VN,2022-05-16 21:29:58
276,Jumla,29.2747,82.1838,55.51,61,45,3.53,NP,2022-05-16 21:29:58
277,Inhambane,-23.865,35.3833,70.16,81,26,8.81,MZ,2022-05-16 21:30:59
278,Alpena,45.0617,-83.4327,59.32,55,100,18.41,US,2022-05-16 21:30:59
279,Upata,8.0086,-62.3989,80.19,84,100,6.38,VE,2022-05-16 21:30:59
280,Vikindu,-7.0067,39.2985,71.69,87,4,6.44,TZ,2022-05-16 21:31:00
281,Khromtau,50.2503,58.4347,50.22,79,61,9.08,KZ,2022-05-16 21:31:01
282,Souillac,-20.5167,57.5167,73.78,78,75,10.36,MU,2022-05-16 21:28:26
283,Port Hardy,50.6996,-127.4199,53.78,54,75,11.5,CA,2022-05-16 21:31:02
284,Juneau,58.3019,-134.4197,44.6,92,100,23.02,US,2022-05-16 21:31:02
285,Lake Havasu City,34.4839,-114.3224,105.06,7,0,5.75,US,2022-05-16 21:31:03
286,Broken Hill,-31.95,141.4333,51.31,71,0,3.98,AU,2022-05-16 21:31:03
287,Torbay,47.6666,-52.7314,45.75,76,75,11.5,CA,2022-05-16 21:31:04
288,Great Yarmouth,52.6083,1.7305,62.85,89,99,10.76,GB,2022-05-16 21:31:04
289,Lompoc,34.6391,-120.4579,71.74,68,0,35.99,US,2022-05-16 21:31:05
290,Ixtapa,20.7,-105.2,79.83,74,100,10.36,MX,2022-05-16 21:31:05
291,Mazagao,-0.115,-51.2894,86.05,91,97,4.76,BR,2022-05-16 21:31:06
292,Haines Junction,60.7522,-137.5108,40.95,87,100,1.14,CA,2022-05-16 21:31:06
293,Fortuna,40.5982,-124.1573,60.1,79,100,11.5,US,2022-05-16 21:31:06
294,Narsaq,60.9167,-46.05,55.62,64,100,1.61,GL,2022-05-16 21:31:07
295,Pangody,65.85,74.4859,50.34,73,93,7.61,RU,2022-05-16 21:31:07
296,Darhan,49.4867,105.9228,54.84,43,53,3.53,MN,2022-05-16 21:31:08
297,Negara,-8.3151,114.6025,76.77,89,100,2.33,ID,2022-05-16 21:31:08
298,Strezhevoy,60.7333,77.5889,53.29,91,87,9.48,RU,2022-05-16 21:31:09
299,Namibe,-15.1961,12.1522,71.69,64,2,7.36,AO,2022-05-16 21:31:10
300,Winslow,35.0242,-110.6974,89.78,5,0,13.8,US,2022-05-16 21:31:10
301,Buala,-8.145,159.5921,82.9,73,6,1.7,SB,2022-05-16 21:31:11
302,Lucapa,-8.4192,20.7447,69.98,52,43,4.14,AO,2022-05-16 21:31:11
303,Tavda,58.0425,65.2726,49.05,95,100,2.17,RU,2022-05-16 21:31:12
304,Araguacu,-12.9306,-49.8264,82.9,50,56,2.64,BR,2022-05-16 21:31:12
305,Wajir,1.7471,40.0573,75.97,69,56,12.97,KE,2022-05-16 21:31:12
306,Manadhoo,5.7667,73.3833,82.78,79,97,27.96,MV,2022-05-16 21:31:13
307,Ventspils,57.3894,21.5606,44.53,76,0,9.22,LV,2022-05-16 21:31:13
308,Cidreira,-30.1811,-50.2056,55.06,68,40,20.71,BR,2022-05-16 21:31:14
309,Rosetta,31.4044,30.4164,66.6,78,0,8.32,EG,2022-05-16 21:31:15
310,Erenhot,43.6475,111.9767,58.1,26,74,12.37,CN,2022-05-16 21:31:15
311,Ayagoz,47.9714,80.4392,54.64,63,46,3.33,KZ,2022-05-16 21:31:16
312,Kruisfontein,-34.0033,24.7314,66.88,32,0,10.25,ZA,2022-05-16 21:31:16
313,Kaseda,31.4167,130.3167,61.79,70,100,6.35,JP,2022-05-16 21:31:16
314,Zhigansk,66.7697,123.3711,26.65,88,100,4.68,RU,2022-05-16 21:31:17
315,Pangkalanbuun,-2.6833,111.6167,75.02,94,94,1.43,ID,2022-05-16 21:31:17
316,Vanimo,-2.6741,141.3028,80.02,83,28,4.36,PG,2022-05-16 21:31:18
317,Cabo San Lucas,22.8909,-109.9124,91.62,37,100,5.75,MX,2022-05-16 21:31:18
318,Port-Gentil,-0.7193,8.7815,80.56,89,75,9.22,GA,2022-05-16 21:31:19
319,Aklavik,68.2191,-135.0107,33.1,87,32,13.56,CA,2022-05-16 21:31:19
320,Klaksvik,62.2266,-6.589,49.12,85,9,24.14,FO,2022-05-16 21:31:20
321,Nantucket,41.2835,-70.0995,62.65,90,100,11.5,US,2022-05-16 21:29:54
322,Ilinskiy,55.619,38.1182,48.54,76,40,11.18,RU,2022-05-16 21:32:20
323,Kant,27.8,79.8,92.59,14,71,3.24,IN,2022-05-16 21:32:21
324,Serov,59.6033,60.5787,50.88,75,88,2.35,RU,2022-05-16 21:32:21
325,Port Macquarie,-31.4333,152.9167,58.89,94,20,1.14,AU,2022-05-16 21:32:22
326,Anadyr,64.75,177.4833,43.3,65,0,8.95,RU,2022-05-16 21:32:22
327,Karaton,-6.3424,106.1045,74.68,96,100,4.38,ID,2022-05-16 21:32:23
328,Itaituba,-4.2761,-55.9836,84.36,84,40,0.0,BR,2022-05-16 21:32:23
329,Moron,-34.6534,-58.6198,55.09,61,55,16.58,AR,2022-05-16 21:28:21
330,Alofi,-19.0595,-169.9187,76.89,78,40,11.5,NU,2022-05-16 21:32:24
331,Sal Rei,16.1833,-22.9167,72.63,87,51,18.66,CV,2022-05-16 21:32:25
332,Iqaluit,63.7506,-68.5145,26.33,86,75,16.11,CA,2022-05-16 21:30:13
333,Dongsheng,39.8161,109.9776,54.37,14,1,14.5,CN,2022-05-16 21:32:25
334,Nioki,-2.7167,17.6833,74.79,81,47,0.76,CD,2022-05-16 21:32:26
335,Bubaque,11.2833,-15.8333,79.83,85,98,17.05,GW,2022-05-16 21:32:27
336,Maine-Soroa,13.2114,12.0241,86.63,21,68,8.41,NE,2022-05-16 21:32:27
337,Omboue,-1.5746,9.2618,78.55,90,97,5.08,GA,2022-05-16 21:32:28
338,Afsin,38.2477,36.914,52.16,65,0,0.81,TR,2022-05-16 21:32:29
339,Bengkulu,-3.8004,102.2655,75.9,91,100,4.18,ID,2022-05-16 21:32:29
340,Camapua,-19.5314,-54.0439,67.5,52,86,9.86,BR,2022-05-16 21:32:30
341,Udachnyy,66.4167,112.4,34.45,86,100,5.41,RU,2022-05-16 21:32:30
342,Aden,12.7794,45.0367,87.89,47,24,5.28,YE,2022-05-16 21:30:06
343,Kavaratti,10.5669,72.642,82.02,79,100,17.67,IN,2022-05-16 21:32:31
344,Sulangan,11.1373,123.7228,82.8,76,92,7.45,PH,2022-05-16 21:32:31
345,Te Anau,-45.4167,167.7167,52.72,85,99,4.99,NZ,2022-05-16 21:32:32
346,Cliza,-17.6,-65.9333,76.89,74,0,6.33,BO,2022-05-16 21:32:32
347,Saint-Pierre,-21.3393,55.4781,71.28,78,20,8.05,RE,2022-05-16 21:32:33
348,Adrar,20.5022,-10.0711,90.86,11,100,12.39,MR,2022-05-16 21:32:33
349,Marilia,-22.2139,-49.9458,58.17,73,13,7.31,BR,2022-05-16 21:32:34
350,Bolu,40.6667,31.5833,51.22,86,8,1.88,TR,2022-05-16 21:32:34
351,Ormara,25.2088,64.6357,82.67,78,0,23.26,PK,2022-05-16 21:32:35
352,Misratah,32.3754,15.0925,69.28,76,98,10.94,LY,2022-05-16 21:32:35
353,Oktyabrskoye,43.0645,44.7417,53.74,82,100,2.24,RU,2022-05-16 21:32:36
354,Pacific Grove,36.6177,-121.9166,75.24,77,40,14.97,US,2022-05-16 21:32:36
355,Vardo,70.3705,31.1107,37.38,65,100,18.41,NO,2022-05-16 21:32:37
356,Acajutla,13.5928,-89.8275,88.23,62,53,10.4,SV,2022-05-16 21:32:37
357,Zhanaozen,43.3,52.8,61.47,68,100,9.69,KZ,2022-05-16 21:32:37
358,Otane,-39.8833,176.6333,66.0,81,72,3.76,NZ,2022-05-16 21:32:38
359,Seybaplaya,19.65,-90.6667,89.06,62,0,15.52,MX,2022-05-16 21:32:38
360,Saldanha,-33.0117,17.9442,60.85,57,77,5.08,ZA,2022-05-16 21:32:39
361,Jardim,-21.4803,-56.1381,60.37,57,64,7.63,BR,2022-05-16 21:32:39
362,Savonlinna,61.8699,28.88,44.65,76,100,11.5,FI,2022-05-16 21:32:40
363,Tura,25.5198,90.2201,69.66,98,100,3.98,IN,2022-05-16 21:32:40
364,Rawson,-43.3002,-65.1023,49.84,70,0,11.21,AR,2022-05-16 21:32:41
365,Makakilo City,21.3469,-158.0858,80.69,72,100,10.36,US,2022-05-16 21:32:41
366,Porto Belo,-27.1578,-48.5531,66.15,56,9,11.16,BR,2022-05-16 21:32:42
367,Cabedelo,-6.9811,-34.8339,79.47,86,40,11.14,BR,2022-05-16 21:33:17
368,Husavik,66.0449,-17.3389,52.52,66,27,8.9,IS,2022-05-16 21:33:42
369,Bitkine,11.9801,18.2138,88.77,39,44,10.04,TD,2022-05-16 21:33:43
370,Volketswil,47.3902,8.6909,62.04,78,20,1.14,CH,2022-05-16 21:33:43
371,Nome,64.5011,-165.4064,40.15,56,20,13.8,US,2022-05-16 21:33:44
372,Kimbe,-5.5502,150.1429,80.2,82,50,2.24,PG,2022-05-16 21:33:44
373,Ruwi,23.5996,58.5507,92.89,37,0,7.78,OM,2022-05-16 21:33:44
374,Emba,48.8264,58.1442,54.52,78,73,7.09,KZ,2022-05-16 21:33:45
375,Yumen,40.2833,97.2,56.07,9,100,6.24,CN,2022-05-16 21:33:46
376,Sorong,-0.8833,131.25,79.34,85,48,4.74,ID,2022-05-16 21:33:46
377,Nabire,-3.3667,135.4833,75.38,90,19,3.29,ID,2022-05-16 21:33:47
378,Alto Araguaia,-17.3147,-53.2153,64.38,90,86,7.61,BR,2022-05-16 21:33:47
379,Berdigestyakh,62.0989,126.6992,33.87,90,100,4.0,RU,2022-05-16 21:33:48
380,Atasu,48.6814,71.6433,61.84,40,34,9.28,KZ,2022-05-16 21:33:48
381,Sungaipenuh,-2.0833,101.3833,65.08,88,100,2.08,ID,2022-05-16 21:33:48
382,Djibo,14.1022,-1.6306,96.48,23,91,3.47,BF,2022-05-16 21:33:49
383,Pemangkat,1.1667,108.9667,79.81,80,84,1.36,ID,2022-05-16 21:33:49
384,Sitka,57.0531,-135.33,49.89,66,40,4.61,US,2022-05-16 21:33:50
385,Inta,66.0317,60.1659,35.42,99,100,9.66,RU,2022-05-16 21:33:50
386,Zaozerne,45.1582,33.2787,56.97,78,60,4.9,UA,2022-05-16 21:33:50
387,Mantua,45.1667,10.7833,72.64,72,20,6.62,IT,2022-05-16 21:33:51
388,Bandarbeyla,9.4942,50.8122,82.98,73,99,22.15,SO,2022-05-16 21:33:51
389,Muravlenko,63.7898,74.523,48.63,78,49,6.62,RU,2022-05-16 21:33:52
390,Abbeyfeale,52.3814,-9.3025,58.39,84,91,17.56,IE,2022-05-16 21:33:52
391,San Cristobal,7.7669,-72.225,82.58,57,93,5.88,VE,2022-05-16 21:33:52
392,Myitkyina,25.3833,97.4,70.66,99,97,1.48,MM,2022-05-16 21:33:53
393,Laguna,38.421,-121.4238,83.14,38,0,11.5,US,2022-05-16 21:33:53
394,Ketchikan,55.3422,-131.6461,43.27,87,100,10.36,US,2022-05-16 21:33:11
395,Dossor,47.5272,52.9811,60.15,54,44,7.99,KZ,2022-05-16 21:33:54
396,Tsumeb,-19.2333,17.7167,61.25,35,3,9.95,NA,2022-05-16 21:33:55
397,Los Llanos De Aridane,28.6585,-17.9182,67.75,85,75,3.44,ES,2022-05-16 21:33:55
398,Kizema,61.113,44.8302,41.43,88,100,7.92,RU,2022-05-16 21:33:55
399,Miri,4.4148,114.0089,77.14,94,40,2.3,MY,2022-05-16 21:33:56
400,Vestmannaeyjar,63.4427,-20.2734,50.02,74,13,22.57,IS,2022-05-16 21:33:56
401,San Jose,37.3394,-121.895,77.9,52,40,17.27,US,2022-05-16 21:30:49
402,Axim,4.8699,-2.2405,80.19,84,92,7.05,GH,2022-05-16 21:33:57
403,Kloulklubed,7.0419,134.2556,75.7,72,11,15.99,PW,2022-05-16 21:33:58
404,Belmonte,-15.8631,-38.8828,76.44,84,75,6.87,BR,2022-05-16 21:33:59
405,High Rock,26.6208,-78.2833,80.62,79,97,14.74,BS,2022-05-16 21:34:00
406,Kangaatsiaq,68.3065,-53.4641,27.57,85,10,5.68,GL,2022-05-16 21:34:00
407,Evanston,42.0411,-87.6901,78.91,30,75,14.97,US,2022-05-16 21:34:01
408,Kumluca,36.3703,30.2869,68.67,70,10,0.96,TR,2022-05-16 21:34:01
409,Qarqin,37.4185,66.0436,78.71,23,0,4.03,AF,2022-05-16 21:34:02
410,Fairbanks,64.8378,-147.7164,48.31,64,75,4.61,US,2022-05-16 21:33:55
411,Nalut,30.3333,10.85,78.71,16,71,10.33,LY,2022-05-16 21:34:03
412,Sai Buri,6.7013,101.6168,75.9,83,100,2.8,TH,2022-05-16 21:34:04
413,Mon,26.75,95.1,65.14,98,100,2.86,IN,2022-05-16 21:34:04
414,Papara,-3.9839,-38.7273,81.0,96,85,2.95,BR,2022-05-16 21:35:05
415,Naantali,60.4674,22.0243,44.11,61,0,5.75,FI,2022-05-16 21:35:06
416,Bara,10.3744,10.7288,91.92,27,64,4.34,NG,2022-05-16 21:35:06
417,Zhangye,38.9342,100.4517,53.31,14,100,5.64,CN,2022-05-16 21:35:07
418,Matara,5.9485,80.5353,79.05,88,93,14.12,LK,2022-05-16 21:35:07
419,Barra Patuca,15.8,-84.2833,82.92,70,91,8.48,HN,2022-05-16 21:35:07
420,Sao Gabriel Da Cachoeira,-0.1303,-67.0892,84.0,79,20,4.61,BR,2022-05-16 21:35:08
421,Clarksburg,39.2807,-80.3445,73.51,58,40,11.5,US,2022-05-16 21:34:58
422,Sakakah,29.9697,40.2064,76.57,17,50,10.94,SA,2022-05-16 21:35:09
423,Dhidhdhoo,6.8833,73.1,81.39,84,100,26.04,MV,2022-05-16 21:35:10
424,Pierre,44.3683,-100.351,80.85,31,0,11.5,US,2022-05-16 21:35:10
425,Pinawa,50.1489,-95.8811,51.46,54,96,7.65,CA,2022-05-16 21:35:11
426,Arraial Do Cabo,-22.9661,-42.0278,75.06,78,75,8.05,BR,2022-05-16 21:35:11
427,Boden,65.8252,21.6886,39.2,70,100,14.14,SE,2022-05-16 21:35:12
428,Bogovarovo,58.9785,47.0246,45.41,87,81,0.78,RU,2022-05-16 21:35:12
429,Nouakchott,18.0858,-15.9785,80.53,62,54,15.3,MR,2022-05-16 21:35:13
430,Usta Muhammad,28.1794,68.0445,90.84,11,0,2.42,PK,2022-05-16 21:35:14
431,Katangli,51.7102,143.2326,36.05,100,97,4.38,RU,2022-05-16 21:35:14
432,Tiksi,71.6872,128.8694,23.38,96,100,14.23,RU,2022-05-16 21:35:15
433,La Ligua,-32.4524,-71.2311,58.48,79,0,4.45,CL,2022-05-16 21:35:16
434,Bolitoc,15.7395,119.8769,79.84,82,100,3.69,PH,2022-05-16 21:35:16
435,Warwick,41.7001,-71.4162,78.48,73,75,13.8,US,2022-05-16 21:32:07
436,Kalmunai,7.4167,81.8167,79.92,80,54,10.11,LK,2022-05-16 21:35:17
437,Indergarh,26.9352,79.6724,90.91,10,5,7.16,IN,2022-05-16 21:35:17
438,Lola,7.8,-8.5333,70.52,96,93,3.29,GN,2022-05-16 21:35:18
439,Sao Jose Da Coroa Grande,-8.8978,-35.1478,78.87,86,17,7.4,BR,2022-05-16 21:35:18
440,Kidal,18.4411,1.4078,93.83,17,62,7.23,ML,2022-05-16 21:35:19
441,Mamou,10.5,-12.0,77.04,72,98,3.85,GN,2022-05-16 21:35:19
442,Arman,59.7,150.1667,39.02,99,100,4.16,RU,2022-05-16 21:35:20
443,Sioux Lookout,50.1001,-91.917,48.27,61,75,14.97,CA,2022-05-16 21:35:21
444,Alta Floresta,-9.8756,-56.0861,82.22,78,75,3.44,BR,2022-05-16 21:35:21
445,Innisfail,-17.5333,146.0333,72.09,77,0,3.27,AU,2022-05-16 21:35:21
446,Georgetown,5.4112,100.3354,78.73,88,40,2.3,MY,2022-05-16 21:35:22
447,El Reno,35.5323,-97.955,84.83,43,0,6.91,US,2022-05-16 21:32:43
448,Shingu,33.7333,135.9833,60.62,85,100,2.51,JP,2022-05-16 21:35:22
449,Taunggyi,20.7833,97.0333,66.18,82,100,2.59,MM,2022-05-16 21:35:23
450,Isangel,-19.55,169.2667,78.91,78,40,4.61,VU,2022-05-16 21:35:23
451,Nata,8.3333,-80.5167,80.47,84,100,4.76,PA,2022-05-16 21:35:24
452,Palauig,15.435,119.9045,81.18,77,100,4.56,PH,2022-05-16 21:35:24
453,Kaitangata,-46.2817,169.8464,52.23,82,100,3.6,NZ,2022-05-16 21:35:25
454,Alice Springs,-23.7,133.8833,51.35,62,57,4.61,AU,2022-05-16 21:31:25
455,Duldurga,50.6761,113.5931,48.31,45,42,4.88,RU,2022-05-16 21:35:25
456,Marsa Matruh,31.3525,27.2453,66.72,79,0,6.6,EG,2022-05-16 21:35:26
457,Wodonga,-36.1167,146.8833,48.2,100,75,5.75,AU,2022-05-16 21:34:47
458,Medina Del Campo,41.3124,-4.9141,58.6,67,20,6.98,ES,2022-05-16 21:35:26
459,San Patricio,28.017,-97.5169,95.18,48,2,15.64,US,2022-05-16 21:35:27
460,Ontario,34.0633,-117.6509,93.38,42,20,11.5,US,2022-05-16 21:31:52
461,Cockburn Town,21.4612,-71.1419,82.36,69,40,20.71,TC,2022-05-16 21:36:27
462,Bratsk,56.1325,101.6142,52.29,92,49,6.51,RU,2022-05-16 21:36:28
463,Bourail,-21.5667,165.4833,76.35,72,79,4.32,NC,2022-05-16 21:36:28
464,Puerto Escondido,15.85,-97.0667,90.43,70,0,9.22,MX,2022-05-16 21:36:29
465,Paamiut,61.994,-49.6678,34.25,83,6,15.32,GL,2022-05-16 21:36:29
466,Hohhot,40.8106,111.6522,41.29,33,0,6.71,CN,2022-05-16 21:36:30
467,Kasane,-17.8167,25.15,56.34,53,0,4.5,BW,2022-05-16 21:36:30
468,Bonham,33.5773,-96.1783,87.39,59,40,4.61,US,2022-05-16 21:36:30
469,Bela Vista De Goias,-16.9728,-48.9533,76.35,82,40,6.96,BR,2022-05-16 21:36:31
470,Nanakuli,21.3906,-158.1547,82.11,71,100,10.36,US,2022-05-16 21:36:32
471,Ratnagiri,16.9833,73.3,82.04,82,73,10.22,IN,2022-05-16 21:36:32
472,Severnyy,50.677,36.5532,51.84,46,0,11.18,RU,2022-05-16 21:36:32
473,Cascais,38.6979,-9.4215,67.51,75,6,17.0,PT,2022-05-16 21:36:33
474,Sonoita,31.85,-112.8333,94.05,9,0,17.45,MX,2022-05-16 21:36:33
475,Ambulu,-8.345,113.6058,75.31,90,90,2.91,ID,2022-05-16 21:36:34
476,Bereda,43.2686,-7.5406,63.41,85,1,3.91,ES,2022-05-16 21:36:34
477,Mersing,2.4312,103.8405,73.31,100,40,3.44,MY,2022-05-16 21:36:35
478,Ponta Delgada,37.7333,-25.6667,59.72,77,40,18.41,PT,2022-05-16 21:33:30
479,Assiniboia,49.6334,-105.9845,73.22,27,69,5.75,CA,2022-05-16 21:36:36
480,Tigzirt,36.8886,4.1198,68.14,73,49,4.18,DZ,2022-05-16 21:36:36
481,Lithgow,-33.4833,150.15,45.28,80,0,5.32,AU,2022-05-16 21:36:37
482,Vinh Long,10.25,105.9667,76.98,95,100,5.35,VN,2022-05-16 21:36:37
483,Siuri,23.9167,87.5333,84.04,73,29,12.41,IN,2022-05-16 21:36:38
484,Vestmanna,62.1564,-7.1664,47.32,57,28,18.41,FO,2022-05-16 21:36:38
485,Donskoye,45.4552,41.9741,55.53,87,7,9.53,RU,2022-05-16 21:36:39
486,Leh,34.1667,77.5833,45.3,45,41,4.16,IN,2022-05-16 21:36:39
487,Payo,-3.7508,103.6372,72.79,97,99,2.26,ID,2022-05-16 21:36:39
488,Radyvyliv,50.1299,25.2558,47.21,74,90,3.27,UA,2022-05-16 21:36:40
489,Boa Vista,2.8197,-60.6733,87.78,58,20,5.75,BR,2022-05-16 21:35:08
490,Trat,12.5,102.5,79.88,82,100,2.68,TH,2022-05-16 21:36:41
491,Kaoma,-14.7833,24.8,58.93,52,16,8.05,ZM,2022-05-16 21:36:41
492,Nybro,56.7446,15.9071,42.04,66,55,1.95,SE,2022-05-16 21:36:42
493,Vanavara,60.34,102.2797,54.79,69,100,7.92,RU,2022-05-16 21:36:42
494,Krasnyy Chikoy,50.3643,108.7512,44.92,63,73,2.98,RU,2022-05-16 21:36:43
495,Ashland,40.8167,-82.2665,70.34,46,30,12.86,US,2022-05-16 21:36:43
496,Bulgan,48.8125,103.5347,51.03,49,81,2.59,MN,2022-05-16 21:36:44
497,Secusigiu,46.0833,20.9833,67.87,67,20,5.19,RO,2022-05-16 21:36:44
498,Berlevag,70.8578,29.0864,35.6,87,75,20.71,NO,2022-05-16 21:36:44
499,Wellington,-41.2866,174.7756,64.06,95,100,19.57,NZ,2022-05-16 21:36:45
500,Gat,31.61,34.7642,69.4,100,100,1.1,IL,2022-05-16 21:36:46
501,Tecoanapa,16.5167,-98.75,87.82,54,11,12.28,MX,2022-05-16 21:36:46
502,Kaduqli,11.0167,29.7167,85.51,47,11,3.83,SD,2022-05-16 21:37:47
503,Magdagachi,53.45,125.8,36.19,56,23,8.08,RU,2022-05-16 21:37:47
504,Rawlins,41.7911,-107.2387,74.35,18,75,19.57,US,2022-05-16 21:37:47
505,Astana,51.1801,71.446,57.15,54,0,6.71,KZ,2022-05-16 21:34:46
506,Kharp,66.8014,65.8081,42.12,89,76,5.53,RU,2022-05-16 21:37:48
507,Kahului,20.8947,-156.47,86.02,45,40,11.5,US,2022-05-16 21:33:16
508,Kaeo,-35.1,173.7833,66.33,93,91,9.64,NZ,2022-05-16 21:37:49
509,Sisophon,13.5859,102.9737,73.96,90,100,0.83,KH,2022-05-16 21:37:49
510,Nekhayevskiy,50.4106,41.7561,44.24,89,10,9.35,RU,2022-05-16 21:37:49
511,Nizhnevartovsk,60.9344,76.5531,53.62,100,96,2.24,RU,2022-05-16 21:37:50
512,Buchanan,5.8808,-10.0467,79.11,88,72,5.17,LR,2022-05-16 21:37:50
513,Voh,-20.9667,164.7,78.73,69,71,3.56,NC,2022-05-16 21:37:51
514,Fort Saint James,54.4333,-124.25,49.19,57,100,6.51,CA,2022-05-16 21:37:51
515,Manzhouli,49.6,117.4333,53.1,35,30,5.28,CN,2022-05-16 21:37:51
516,Atmakur,15.8833,78.5833,82.63,78,71,2.62,IN,2022-05-16 21:37:52
517,Polunochnoye,60.8697,60.4153,46.8,80,93,2.98,RU,2022-05-16 21:37:52
518,Kristiinankaupunki,62.2743,21.376,37.71,87,60,7.74,FI,2022-05-16 21:37:53
519,Severnoye,56.3491,78.3619,56.88,78,82,12.95,RU,2022-05-16 21:37:53
520,Sorland,67.667,12.6934,37.26,59,62,9.93,NO,2022-05-16 21:37:54
521,Gull Lake,50.1001,-108.4847,70.93,34,91,5.41,CA,2022-05-16 21:37:54
522,Wad Rawah,15.1603,33.1397,94.93,14,0,7.11,SD,2022-05-16 21:37:55
523,Sinnamary,5.3833,-52.95,78.8,90,95,11.34,GF,2022-05-16 21:37:55
524,Guerrero Negro,27.9769,-114.0611,68.45,61,17,20.33,MX,2022-05-16 21:37:56
525,Jiexiu,37.0244,111.9125,59.07,28,0,9.44,CN,2022-05-16 21:37:56
526,Harper,4.375,-7.7169,79.79,84,90,8.59,LR,2022-05-16 21:37:57
527,Khandyga,62.6667,135.6,41.56,60,100,4.56,RU,2022-05-16 21:37:57
528,Gullhaug,59.5,10.25,49.55,57,26,3.51,NO,2022-05-16 21:37:57
529,Isla Mujeres,21.2311,-86.731,87.85,62,0,14.94,MX,2022-05-16 21:37:58
530,Kindu,-2.95,25.95,70.27,96,19,1.63,CD,2022-05-16 21:37:58
531,Prince Rupert,54.3161,-130.3201,46.49,83,40,32.21,CA,2022-05-16 21:37:59
532,Hearst,49.6835,-83.6665,49.96,62,85,11.12,CA,2022-05-16 21:37:59
533,Teeli,51.0333,90.2333,52.05,66,16,1.3,RU,2022-05-16 21:37:59
534,Zhezkazgan,47.8043,67.7144,62.38,32,0,3.94,KZ,2022-05-16 21:38:00
535,Derzhavinsk,51.1,66.3167,57.52,65,10,9.24,KZ,2022-05-16 21:38:00
536,Vostok,46.4856,135.8833,46.76,64,33,2.64,RU,2022-05-16 21:38:01
537,Clyde River,70.4692,-68.5914,30.43,86,20,8.05,CA,2022-05-16 21:38:01
538,Morgan City,29.6994,-91.2068,90.0,79,40,14.97,US,2022-05-16 21:38:02
539,Wielun,51.221,18.5696,53.65,66,100,7.9,PL,2022-05-16 21:38:03
540,Sibundoy,1.2048,-76.9237,65.86,98,100,0.2,CO,2022-05-16 21:38:03
541,Maroon Town,18.3446,-77.7954,77.0,73,100,1.34,JM,2022-05-16 21:38:04
542,Snezhnogorsk,69.1933,33.2531,35.38,77,100,19.33,RU,2022-05-16 21:38:05
543,Haimen,23.1935,116.6142,62.49,87,98,7.2,CN,2022-05-16 21:38:05
544,Mazatlan,23.2167,-106.4167,87.76,60,20,8.05,MX,2022-05-16 21:35:03
545,Sucre,-19.0333,-65.2627,47.77,76,81,7.52,BO,2022-05-16 21:38:06
546,Lockport,41.5895,-88.0578,78.69,39,75,17.27,US,2022-05-16 21:38:07
547,Itarema,-2.9248,-39.9167,78.49,84,86,10.0,BR,2022-05-16 21:38:07
548,Champerico,14.3,-91.9167,93.74,62,94,11.18,GT,2022-05-16 21:39:08
549,Xinqing,48.2333,129.5,46.74,40,69,6.71,CN,2022-05-16 21:39:09
550,Natitingou,10.3042,1.3796,83.19,40,75,1.86,BJ,2022-05-16 21:39:10
551,Nampula,-15.1165,39.2666,67.95,88,75,10.36,MZ,2022-05-16 21:39:10
552,Visnes,59.3556,5.2242,50.22,81,64,6.91,NO,2022-05-16 21:39:11
553,Lashio,22.9333,97.75,66.9,98,100,0.63,MM,2022-05-16 21:39:11
554,Dagda,56.0951,27.5372,37.83,79,23,7.74,LV,2022-05-16 21:39:12
555,Exu,-7.5119,-39.7242,77.77,58,40,5.28,BR,2022-05-16 21:39:13
556,Nsanje,-16.92,35.262,66.11,97,59,2.91,MW,2022-05-16 21:39:13
557,Gravdal,68.1214,13.5031,35.49,80,75,1.14,NO,2022-05-16 21:39:13
558,Hami,42.8,93.45,68.22,24,100,11.92,CN,2022-05-16 21:39:14
559,Sayansk,54.1088,102.1648,52.68,86,90,6.46,RU,2022-05-16 21:37:05
560,Sangueya,10.7,-14.3667,79.72,85,100,5.68,GN,2022-05-16 21:39:15
561,Tutin,42.9903,20.3314,55.22,80,31,3.6,RS,2022-05-16 21:39:15
562,Lasa,46.6166,10.7002,58.08,93,97,5.86,IT,2022-05-16 21:39:16
563,Sisimiut,66.9395,-53.6735,33.57,70,3,10.49,GL,2022-05-16 21:39:16
564,Miramar,25.9873,-80.2323,81.01,87,75,6.91,US,2022-05-16 21:38:26
565,Pontianak,-0.0333,109.3333,75.18,100,40,2.3,ID,2022-05-16 21:39:17
566,Nyandoma,61.669,40.1991,40.71,75,55,7.29,RU,2022-05-16 21:39:18
567,Sabang,5.8933,95.3214,83.71,76,100,17.49,ID,2022-05-16 21:39:18
568,Mahendranagar,28.9167,80.3333,83.64,30,7,7.67,NP,2022-05-16 21:39:19
569,General Roca,-39.0333,-67.5833,50.63,38,69,4.59,AR,2022-05-16 21:39:19
570,Grindavik,63.8424,-22.4338,57.15,62,20,13.8,IS,2022-05-16 21:35:32
571,Tual,-5.6667,132.75,83.84,73,33,15.5,ID,2022-05-16 21:39:20
572,Chifeng,42.2683,118.9636,55.04,37,19,5.39,CN,2022-05-16 21:39:21
573,Mgandu,-5.95,34.1333,61.54,74,71,7.29,TZ,2022-05-16 21:39:21
574,San Luis,-33.295,-66.3356,45.64,32,0,9.62,AR,2022-05-16 21:34:52
575,Mayumba,-3.432,10.6554,77.76,91,100,2.33,GA,2022-05-16 21:39:22
576,Cayenne,4.9333,-52.3333,77.09,1,0,0.0,GF,2022-05-16 21:34:55
577,Suez,29.9737,32.5263,67.23,63,100,10.29,EG,2022-05-16 21:39:23
578,Karlshamn,56.1706,14.8619,49.91,77,100,6.22,SE,2022-05-16 21:39:23
579,Weligama,5.9667,80.4167,79.38,87,93,14.54,LK,2022-05-16 21:39:24
580,Jian,27.1172,114.9793,57.9,86,82,1.36,CN,2022-05-16 21:39:24
581,Eureka,40.8021,-124.1637,65.12,74,75,10.0,US,2022-05-16 21:39:25
582,Boulder City,35.9786,-114.8325,99.27,6,0,21.85,US,2022-05-16 21:36:21
583,Beyneu,45.3167,55.2,65.62,57,100,6.96,KZ,2022-05-16 21:39:26
584,Oistins,13.0667,-59.5333,80.1,77,26,15.5,BB,2022-05-16 21:39:26
585,Progreso,21.2833,-89.6667,91.51,62,0,13.96,MX,2022-05-16 21:39:26
586,Ust-Ishim,57.6935,71.1665,51.53,96,93,7.94,RU,2022-05-16 21:39:27
587,Butte,39.6499,-121.5677,82.9,33,0,6.91,US,2022-05-16 21:39:27
588,Shitanjing,39.2342,106.3439,53.38,11,53,4.0,CN,2022-05-16 21:39:28
589,North Branch,45.5113,-92.9802,69.87,39,31,5.01,US,2022-05-16 21:37:22
590,Barra Do Bugres,-15.0725,-57.1811,75.09,54,97,7.02,BR,2022-05-16 21:36:23
591,Constitucion,-35.3333,-72.4167,54.55,71,0,3.15,CL,2022-05-16 21:39:29
592,Bathsheba,13.2167,-59.5167,80.47,78,17,15.12,BB,2022-05-16 21:39:29
593,Moerai,-22.4333,-151.3333,74.64,82,100,12.44,PF,2022-05-16 21:40:30
594,Yabelo,4.8833,38.0833,58.44,80,63,6.91,ET,2022-05-16 21:40:30
595,Christchurch,-43.5333,172.6333,61.48,97,50,2.3,NZ,2022-05-16 21:40:05
596,Nakskov,54.8373,11.1284,54.14,74,100,13.47,DK,2022-05-16 21:40:31
597,Vale,41.6156,42.8722,38.25,89,12,2.68,GE,2022-05-16 21:40:31
598,San Policarpo,12.1791,125.5072,81.34,80,97,8.34,PH,2022-05-16 21:40:32
599,Kirillov,59.863,38.3813,41.34,99,100,6.55,RU,2022-05-16 21:40:32
600,Luau,-10.7073,22.2247,63.18,59,14,4.25,AO,2022-05-16 21:40:33
601,Sibu,2.3,111.8167,73.71,94,40,7.0,MY,2022-05-16 21:40:33
602,Kenai,60.5544,-151.2583,57.25,35,20,14.97,US,2022-05-16 21:40:33
603,Texarkana,33.4251,-94.0477,86.23,55,100,8.05,US,2022-05-16 21:40:34
604,Baruun-Urt,46.6806,113.2792,52.25,45,100,6.73,MN,2022-05-16 21:40:34
605,Santa Isabel Do Rio Negro,-0.4139,-65.0192,75.47,98,100,1.28,BR,2022-05-16 21:40:35
606,Krasnaya Gorbatka,55.8703,41.7641,43.05,89,95,9.69,RU,2022-05-16 21:40:35
607,Teknaf,20.8624,92.3058,81.48,87,84,5.64,BD,2022-05-16 21:40:36
608,Taltal,-25.4,-70.4833,60.13,81,100,5.14,CL,2022-05-16 21:40:36
609,Kochetok,49.8801,36.7372,44.28,88,41,8.75,UA,2022-05-16 21:40:36
610,Mehamn,71.0357,27.8492,35.55,75,75,16.11,NO,2022-05-16 21:40:37
611,Araouane,18.9048,-3.5265,90.61,8,1,5.73,ML,2022-05-16 21:40:37
612,Jabinyanah,35.035,10.9081,73.2,56,31,6.96,TN,2022-05-16 21:40:38
613,Tautira,-17.7333,-149.15,81.25,71,35,17.67,PF,2022-05-16 21:40:38
614,Benavente,42.0025,-5.6783,56.77,78,4,6.02,ES,2022-05-16 21:40:39
615,Namwala,-15.7504,26.4384,55.11,59,0,4.76,ZM,2022-05-16 21:40:39
616,Gangapur,26.4833,76.7167,89.92,19,0,13.8,IN,2022-05-16 21:40:39
617,Ulladulla,-35.35,150.4667,55.96,65,0,8.21,AU,2022-05-16 21:40:40
618,Malchevskaya,49.0552,40.3625,47.34,80,76,9.53,RU,2022-05-16 21:40:41
619,Dunmore Town,25.5,-76.65,75.97,80,95,12.93,BS,2022-05-16 21:40:41
620,Tahoua,14.8888,5.2692,89.15,11,2,11.43,NE,2022-05-16 21:40:41
621,Simbahan,6.3032,120.5836,81.91,78,100,3.42,PH,2022-05-16 21:40:42
622,Ust-Nera,64.5667,143.2,34.7,89,100,5.53,RU,2022-05-16 21:40:42
623,Trinidad,-14.8333,-64.9,73.38,60,75,8.05,BO,2022-05-16 21:40:43
624,Moranbah,-22.0016,148.0466,72.14,75,100,11.56,AU,2022-05-16 21:40:43
625,Manohar Thana,24.24,76.8018,87.21,16,0,5.93,IN,2022-05-16 21:40:43
626,Evensk,61.95,159.2333,35.76,98,100,3.02,RU,2022-05-16 21:40:44
627,Kon Tum,14.35,108.0,68.27,97,100,1.3,VN,2022-05-16 21:40:44
628,Ramgarh,23.6333,85.5167,89.65,39,59,5.66,IN,2022-05-16 21:40:45
629,La Ronge,55.1001,-105.2842,46.65,42,75,8.05,CA,2022-05-16 21:40:45
630,Maloy,61.9353,5.1136,53.33,73,0,5.82,NO,2022-05-16 21:40:45
631,Praia,14.9215,-23.5087,81.14,47,0,24.16,CV,2022-05-16 21:40:46
632,Copiapo,-27.3667,-70.3333,56.89,51,100,3.47,CL,2022-05-16 21:40:46
633,Puri,19.8,85.85,82.92,87,45,19.69,IN,2022-05-16 21:40:47
634,Lorengau,-2.0226,147.2712,83.16,70,52,7.25,PG,2022-05-16 21:40:47
635,Niamey,13.5137,2.1098,100.69,11,8,5.75,NE,2022-05-16 21:40:47
636,Pedernales,18.0384,-71.744,84.63,62,36,13.22,DO,2022-05-16 21:40:48
637,Gomel,52.4345,30.9754,48.18,66,0,11.18,BY,2022-05-16 21:40:48
638,Rognan,67.0953,15.3878,39.34,75,99,2.89,NO,2022-05-16 21:40:49
639,Salinopolis,-0.6136,-47.3561,80.89,84,53,11.03,BR,2022-05-16 21:40:49
640,Viedma,-40.8135,-62.9967,46.78,74,40,7.31,AR,2022-05-16 21:40:50
641,Fairlie,55.756,-4.8556,53.42,93,98,11.07,GB,2022-05-16 21:40:50
642,Funtua,11.5233,7.3081,85.06,16,84,7.56,NG,2022-05-16 21:41:50
643,Bonavista,48.6499,-53.1147,39.25,89,93,14.18,CA,2022-05-16 21:41:51
644,Burnie,-41.0667,145.9167,47.91,87,25,16.13,AU,2022-05-16 21:41:51
645,Bang Saphan,11.2126,99.5117,76.68,92,100,4.18,TH,2022-05-16 21:41:52
646,Iskar,43.45,24.2667,64.26,63,0,4.61,BG,2022-05-16 21:41:52
647,Pankovka,58.5,31.1999,41.95,90,100,7.9,RU,2022-05-16 21:41:53
648,Kargasok,59.0556,80.8572,54.21,90,82,9.04,RU,2022-05-16 21:41:53
649,Nacala,-14.5428,40.6728,69.24,92,21,7.45,MZ,2022-05-16 21:41:54
650,Port Blair,11.6667,92.75,82.36,80,100,18.19,IN,2022-05-16 21:41:54
651,Burgeo,47.6167,-57.6152,43.09,78,99,12.95,CA,2022-05-16 21:41:54
652,Cochrane,51.1834,-114.4687,69.39,26,75,18.41,CA,2022-05-16 21:38:48
653,Ankazoabo,-22.2833,44.5167,64.98,74,0,7.49,MG,2022-05-16 21:41:55
654,Pancas,-19.225,-40.8514,73.42,72,61,1.9,BR,2022-05-16 21:41:56
655,Rio Gallegos,-51.6226,-69.2181,39.25,87,0,2.3,AR,2022-05-16 21:41:56
656,Pointe Michel,15.25,-61.3833,85.14,61,75,6.91,DM,2022-05-16 21:41:56
657,Nemuro,43.3236,145.575,45.63,85,84,13.04,JP,2022-05-16 21:41:57
658,Saryozek,44.3583,77.9753,54.9,59,98,3.09,KZ,2022-05-16 21:41:57
659,Eregli,37.5133,34.0467,59.16,56,0,1.28,TR,2022-05-16 21:41:58
660,Tilichiki,60.4667,166.1,33.96,95,100,3.38,RU,2022-05-16 21:41:59
661,Prattville,32.464,-86.4597,88.99,47,40,10.36,US,2022-05-16 21:37:03
662,San Quintin,30.4833,-115.95,66.2,68,0,17.6,MX,2022-05-16 21:42:00
663,Dwarka,22.2394,68.9678,82.65,72,0,18.95,IN,2022-05-16 21:42:00
664,Balakhninskiy,58.0106,114.2769,42.13,78,68,0.16,RU,2022-05-16 21:42:00
665,Westport,41.1415,-73.3579,71.44,87,75,12.66,US,2022-05-16 21:42:01
666,Leshukonskoye,64.8989,45.7622,36.97,69,100,8.3,RU,2022-05-16 21:42:01
667,Mae Sai,20.4335,99.8762,72.54,95,99,0.85,TH,2022-05-16 21:42:02
668,Sarkand,45.41,79.9186,56.79,53,38,5.73,KZ,2022-05-16 21:42:03
669,Northam,51.0333,-4.2167,58.39,87,99,10.65,GB,2022-05-16 21:42:03
670,Hokitika,-42.7167,170.9667,57.7,81,90,3.33,NZ,2022-05-16 21:42:04
671,Totskoye,52.5248,52.7623,48.02,89,94,7.36,RU,2022-05-16 21:42:04
672,Kihei,20.785,-156.4656,86.02,71,40,11.5,US,2022-05-16 21:42:05
673,Crotone,39.0851,17.1178,71.19,70,70,1.57,IT,2022-05-16 21:42:05
674,Roros,62.5747,11.3842,28.4,82,8,6.31,NO,2022-05-16 21:42:05
675,Lewistown,40.5992,-77.5714,69.24,81,40,17.27,US,2022-05-16 21:39:36
676,Danville,36.586,-79.395,77.65,79,100,4.61,US,2022-05-16 21:38:34
677,Steinbach,50.1667,8.5667,63.61,94,20,4.61,DE,2022-05-16 21:42:07
678,Bosaso,11.2842,49.1816,88.68,29,20,8.48,SO,2022-05-16 21:42:07
679,Peleduy,59.6289,112.7406,44.73,78,14,1.05,RU,2022-05-16 21:42:08
680,Sale,34.0389,-6.8166,66.63,88,1,0.0,MA,2022-05-16 21:42:08
681,Khuzhir,53.1939,107.3397,45.46,66,100,10.22,RU,2022-05-16 21:42:09
682,Parfenyevo,58.484,43.4088,44.31,98,100,4.61,RU,2022-05-16 21:42:09
683,Anju,39.6178,125.6647,52.5,75,0,4.14,KP,2022-05-16 21:42:10
684,La Victoria,10.2184,-67.3302,74.59,85,100,2.04,VE,2022-05-16 21:41:12
685,Seoul,37.5683,126.9778,56.64,85,0,8.05,KR,2022-05-16 21:37:28
686,Impfondo,1.6381,18.0667,71.33,98,87,1.41,CG,2022-05-16 21:43:11
687,Meadow Lake,34.8014,-106.5436,90.7,14,37,16.62,US,2022-05-16 21:43:11
688,Panaba,21.2833,-88.2667,86.7,42,0,16.06,MX,2022-05-16 21:43:12
689,Micheweni,-4.9667,39.8333,78.1,81,3,12.44,TZ,2022-05-16 21:43:12
690,Lockhart,28.6194,-81.4426,90.97,45,75,9.22,US,2022-05-16 21:43:13
691,Batticaloa,7.7102,81.6924,82.4,74,70,1.52,LK,2022-05-16 21:43:13
692,Hualmay,-11.0964,-77.6139,66.25,79,75,8.39,PE,2022-05-16 21:43:13
693,Rio Grande,-32.035,-52.0986,53.71,78,49,24.45,BR,2022-05-16 21:43:14
694,Langsa,4.4683,97.9683,72.46,96,100,2.01,ID,2022-05-16 21:43:14
695,Ascension,30.2169,-90.9001,93.18,55,0,8.05,US,2022-05-16 21:43:15
696,Iskateley,67.6803,53.1512,33.93,92,100,12.95,RU,2022-05-16 21:43:15
697,Ipora,-16.4419,-51.1178,72.88,68,99,7.29,BR,2022-05-16 21:43:15
698,Anloga,5.7947,0.8973,82.18,83,65,12.15,GH,2022-05-16 21:43:16
699,Villeta,5.0089,-74.4723,86.61,69,87,2.86,CO,2022-05-16 21:43:10
